{"time_p": [0.2782461643218994, 0.31392884254455566, 0.29883813858032227, 0.2744128704071045, 0.32381629943847656, 0.2890965938568115, 0.301621675491333, 0.3115100860595703, 0.2783360481262207, 0.3056330680847168], "time_s": [22.149498224258423, 21.729175567626953, 21.29300284385681, 21.541748762130737, 21.553845643997192, 21.39815044403076, 21.94327163696289, 21.348140716552734, 21.859942197799683, 21.58958888053894], "mean_p": 0.29754397869110105, "mean_s": 21.640636491775513, "stdev_p": 0.016948429298598144, "stdev_s": 0.2772047303027786}